<?xml version='1.0' encoding='UTF-8'?>
<comarcas>
    <pla>
        <pueblo>
            <nombre>Algaida</nombre>
        </pueblo>
        <pueblo>
            <nombre>Ariany</nombre>
        </pueblo>
        <pueblo>
            <nombre>Costitx</nombre>
        </pueblo>
        <pueblo>
            <nombre>Lloret de Vistalegre</nombre>
        </pueblo>
        <pueblo>
            <nombre>Llubí</nombre>
        </pueblo>
        <pueblo>
            <nombre>María de la Salut</nombre>
        </pueblo>
        <pueblo>
            <nombre>Montuïri</nombre>
        </pueblo>
        <pueblo>
            <nombre>Petra</nombre>
        </pueblo>
        <pueblo>
            <nombre>Porreres</nombre>
        </pueblo>
        <pueblo>
            <nombre>Sant Joan</nombre>
        </pueblo>
        <pueblo>
            <nombre>Santa Eugènia</nombre>
        </pueblo>
        <pueblo>
            <nombre>Sencelles</nombre>
        </pueblo>
        <pueblo>
            <nombre>Sineu</nombre>
        </pueblo>
        <pueblo>
            <nombre>Vilafranca de Bonany</nombre>
        </pueblo>
    </pla>
    <raiguer>
        <pueblo>
            <nombre>Alaró</nombre>
        </pueblo>
        <pueblo>
            <nombre>Binissalem</nombre>
        </pueblo>
        <pueblo>
            <nombre>Búger</nombre>
        </pueblo>
        <pueblo>
            <nombre>Campanet</nombre>
        </pueblo>
        <pueblo>
            <nombre>Consell</nombre>
        </pueblo>
        <pueblo>
            <nombre>Inca</nombre>
        </pueblo>
        <pueblo>
            <nombre>Lloseta</nombre>
        </pueblo>
        <pueblo>
            <nombre>Mancor de la Vall</nombre>
        </pueblo>
        <pueblo>
            <nombre>Marratxí</nombre>
        </pueblo>
        <pueblo>
            <nombre>Santa Maria del Camí</nombre>
        </pueblo>
        <pueblo>
            <nombre>Selva</nombre>
        </pueblo>
    </raiguer>
    <nord>
        <pueblo>
            <nombre>Alcúdia</nombre>
        </pueblo>
        <pueblo>
            <nombre>Artà</nombre>
        </pueblo>
        <pueblo>
            <nombre>Muro</nombre>
        </pueblo>
        <pueblo>
            <nombre>Pollença
            </nombre>
        </pueblo>
        <pueblo>
            <nombre>sa Pobla</nombre>
        </pueblo>
        <pueblo>
            <nombre>Santa Margalida</nombre>
        </pueblo>
    </nord>
    <tramuntana>
        <pueblo>
            <nombre>Banyalbufar</nombre>
        </pueblo>
        <pueblo>
            <nombre>Bunyola</nombre>
        </pueblo>
        <pueblo>
            <nombre>Deià</nombre>
        </pueblo>
        <pueblo>
            <nombre>Escorca</nombre>
        </pueblo>
        <pueblo>
            <nombre>Esporles</nombre>
        </pueblo>
        <pueblo>
            <nombre>Escorca</nombre>
        </pueblo>
        <pueblo>
            <nombre>Estellencs</nombre>
        </pueblo>
        <pueblo>
            <nombre>Fornalutx</nombre>
        </pueblo>
        <pueblo>
            <nombre>Puigpunyent</nombre>
        </pueblo>
        <pueblo>
            <nombre>Sóller</nombre>
        </pueblo>
        <pueblo>
            <nombre>Valldemossa</nombre>
        </pueblo>
    </tramuntana>
    <sud>
        <pueblo>
            <nombre>Felanitx</nombre>
        </pueblo>
        <pueblo>
            <nombre>Campos</nombre>
        </pueblo>
        <pueblo>
            <nombre>Santanyí</nombre>
        </pueblo>
        <pueblo>
            <nombre>ses Salines</nombre>
        </pueblo>
    </sud>
    <llevant>
        <pueblo>
            <nombre>Capdepera</nombre>
        </pueblo>
        <pueblo>
            <nombre>Manacor</nombre>
        </pueblo>
        <pueblo>
            <nombre>Sant Llorenç</nombre>
        </pueblo>
        <pueblo>
            <nombre>des Cardassar</nombre>
        </pueblo>
        <pueblo>
            <nombre>Son Servera</nombre>
        </pueblo>
    </llevant>
    <badia_de_palma>
        <pueblo>
            <nombre>Palma</nombre>
        </pueblo>
        <pueblo>
            <nombre>Andratx</nombre>
        </pueblo>
        <pueblo>
            <nombre>Calvià</nombre>
        </pueblo>
        <pueblo>
            <nombre>Llucmajor</nombre>
        </pueblo>
    </badia_de_palma>
</comarcas>